fixture,policy,pixels,repair_pct,sdr_any_change_pct,sdr_change_over_1_255_pct,sdr_max_abs,sdr_mse,hdr_max_abs,hdr_mse,hdr_relative_p99_pct,hdr_relative_max_pct,hdr_over_classification_tolerance_pct,gain_min,gain_max
shared_0p1_to_4_stops,production_selective,16384,0,0,0,0,0,0.06138515472,7.11888654e-05,0.5451277494,0.5451396704,82.03125,0,4
shared_0p1_to_4_stops,preserve_all,16384,0,0,0,0,0,0.06138515472,7.11888654e-05,0.5451277494,0.5451396704,82.03125,0,4
shared_0p1_to_4_stops,inverse_all,16384,0,97.91870117,32.00683594,0.009174287319,6.244044941e-06,9.536743164e-07,1.898040689e-14,1.17396703e-05,1.485110806e-05,0,0,4
shared_0p1_to_4_stops,selective_code_search,16384,0,0,0,0,0,0.06138515472,7.11888654e-05,0.5451277494,0.5451396704,82.03125,0,4
sparse_colour_edits,production_selective,16384,3.100585938,3.100585938,3.100585938,0.1299901605,6.089071482e-05,0.07185745239,8.007506888e-05,0.544118464,0.5505174994,79.07714844,0,4.057250023
sparse_colour_edits,preserve_all,16384,3.100585938,0,0,0,0,1.812411308,0.003347716769,14.03418922,16.36844635,82.17773438,0,4.057250023
sparse_colour_edits,inverse_all,16384,3.100585938,100,33.41064453,0.1299901605,6.695323523e-05,9.536743164e-07,1.897833561e-14,1.183871063e-05,1.477282876e-05,0,0,4.057250023
sparse_colour_edits,selective_code_search,16384,3.100585938,3.100585938,3.100585938,0.08934795856,3.765672456e-05,0.07185745239,8.007506888e-05,0.544118464,0.5505174994,79.07714844,0,4.057250023
signed_gain_with_offsets,production_selective,16384,8.459472656,8.459472656,8.355712891,0.1296445727,7.260400445e-05,0.09143352509,0.000183760149,0.8532019258,0.9774762392,82.59277344,-2.021509886,4.039169788
signed_gain_with_offsets,preserve_all,16384,8.459472656,0,0,0,0,1.672884941,0.002490844204,13.89265347,16.67150497,90.91796875,-2.021509886,4.039169788
signed_gain_with_offsets,inverse_all,16384,8.459472656,100,53.32641602,0.1296445727,8.507832732e-05,0.02361236513,7.313537856e-08,0.07206243277,0.4615566134,0.5859375,-2.021509886,4.039169788
signed_gain_with_offsets,selective_code_search,16384,8.459472656,8.459472656,8.343505859,0.1055986285,5.443649207e-05,0.09143352509,0.0001837458246,0.8532019258,0.9774762392,82.45849609,-2.021509886,4.039169788
wide_19_stop_stress,production_selective,16384,0,0,0,0,0,885.1875,22768.42521,2.560163975,2.615903854,95.703125,0,19
wide_19_stop_stress,preserve_all,16384,0,0,0,0,0,885.1875,22768.42521,2.560163975,2.615903854,95.703125,0,19
wide_19_stop_stress,inverse_all,16384,0,99.57275391,87.12768555,0.04356741905,0.0001694509113,0.03125,2.47941593e-06,1.168036124e-05,1.587331099e-05,0,0,19
wide_19_stop_stress,selective_code_search,16384,0,0,0,0,0,885.1875,22768.42521,2.560163975,2.615903854,95.703125,0,19
independent_area_resize,production_selective,16384,23.33984375,23.33984375,23.33984375,0.5895471573,0.01064975489,0.0006251335144,1.544261067e-10,1.098414759e-05,0.1076708212,0.09765625,0,4
independent_area_resize,preserve_all,16384,23.33984375,0,0,0,0,3.494513988,0.1748449728,58.54123688,59.42173004,23.4375,0,4
independent_area_resize,inverse_all,16384,23.33984375,23.54736328,23.33984375,0.5895471573,0.01064975496,9.536743164e-07,1.268147348e-14,1.178473303e-05,1.54239824e-05,0,0,4
independent_area_resize,selective_code_search,16384,23.33984375,23.33984375,23.2421875,0.2819342017,0.003543321966,0.0006251335144,1.544264565e-10,1.117432657e-05,0.1076708212,0.09765625,0,4
approximate_gain_feasible,production_selective,1,100,100,0,0.002858579159,2.764309135e-06,2.328306437e-10,3.614007242e-20,1.164153218e-08,1.164153218e-08,0,0,1.004130006
approximate_gain_feasible,preserve_all,1,100,0,0,0,0,0.00573348999,1.112050199e-05,0.2866744995,0.2866744995,100,0,1.004130006
approximate_gain_feasible,inverse_all,1,100,100,0,0.002858579159,2.764309135e-06,2.328306437e-10,3.614007242e-20,1.164153218e-08,1.164153218e-08,0,0,1.004130006
approximate_gain_feasible,selective_code_search,1,100,100,0,0.0002498333342,4.753196e-08,0,0,0,0,0,0,1.004130006
approximate_gain_feasible,code_only_preserve_search,1,100,0,0,0,0,0.000499733258,1.901721968e-07,0.02498666197,0.02498666197,0,0,1.004130006
real_IMG_0017_1024_edge,production_selective,786432,14.52496847,14.52496847,0.4727681478,0.01520270109,1.650475655e-07,0.008148193359,9.234074982e-07,0.2428331375,2.324350595,44.85244751,0,1.584879994
real_IMG_0017_1024_edge,preserve_all,786432,14.52496847,0,0,0,0,0.03279471397,1.351461153e-06,0.5672302842,4.099431038,58.92524719,0,1.584879994
real_IMG_0017_1024_edge,inverse_all,786432,14.52496847,99.94188944,0.5608876546,0.01520270109,8.063694432e-07,3.727909643e-07,1.70975883e-15,1.238301229e-05,1.055018425,0,0,1.584879994
real_IMG_0017_1024_edge,selective_code_search,786432,14.52496847,14.52496847,0.03407796224,0.009990632534,7.557633146e-08,0.008148193359,9.234074982e-07,0.2428331375,2.324350595,44.85244751,0,1.584879994
